0,rust.de,hospitality
1,bolander.com,construction
2,scheibe.de,real estate
3,steckel.com,
4,plath.org,
5,keudel.com,
6,hellwig.de,"leisure, travel & tourism"
7,rose.de,sporting goods
8,lehmann.com,
9,weihmann.net,
10,jaehn.org,retail
11,plath.de,information technology & services
12,weiss.com,environmental services
13,trueb.de,food production
14,seidel.com,
15,scholl.de,
16,budig.de,
17,stahr.org,
18,nohlmans.de,
19,schueler.de,
20,adler.com,information technology & services
21,schulz.de,
22,wieloch.com,
23,geissler.org,
24,holzapfel.com,
25,radisch.com,
26,pergande.com,
27,krebs.com,
28,roemer.de,
29,soelzer.com,
30,stolze.com,printing
31,beier.com,
32,loos.de,
33,adolph.org,
34,sager.org,
35,hamann.de,
36,drewes.net,
37,girschner.de,machinery
38,davids.com,retail
39,bonbach.com,
40,zobel.com,
41,hornich.org,
42,weller.com,
43,faust.de,food & beverages
44,hahn.com,
45,fliegner.com,
46,bauer.com,sporting goods
47,ruppersberger.com,
48,heidrich.de,
49,sager.com,electrical/electronic manufacturing
50,klemm.net,
51,troest.org,
52,wieloch.net,
53,jockel.net,
54,stoll.com,
55,roskoth.com,
56,reichmann.de,
57,hamann.org,
58,dippel.com,
59,jaehn.com,
60,mans.com,
61,atzler.de,
62,biggen.de,
63,plath.com,
64,hentschel.com,
65,holsten.com,
66,boucsein.com,
67,schacht.de,
68,geisel.com,
69,karz.net,
70,reising.com,
71,kallert.de,
72,kobelt.de,
73,ullmann.net,
74,loeffler.org,
75,hiller.com,
76,junk.com,
77,ziegert.com,
78,christoph.com,
79,troest.com,
80,klapp.com,
81,roehrdanz.com,
82,gnatz.de,
83,ehlert.de,
84,otto.de,
85,kruschwitz.net,
86,losekann.com,
87,briemer.de,
88,foerster.com,
89,tlustek.org,
90,juettner.net,
91,tschentscher.org,
92,koester.com,
93,heidrich.com,
94,sauer.de,
95,knappe.com,
96,pohl.com,
97,conradi.com,
98,hesse.org,
99,hein.com,
100,pohl.org,
101,holzapfel.de,
102,schlosser.com,
103,fiebig.org,
104,ebert.com,
105,huhn.de,
106,soeding.com,
107,walter.de,
108,baerer.com,
109,poelitz.de,
110,pieper.com,
111,raedel.de,
112,scholl.org,
113,steinberg.com,
114,gerlach.org,
115,schuster.de,
116,jungfer.com,
117,lindau.com,
118,eckbauer.de,
119,hecker.de,
120,gehringer.com,
121,gerlach.de,
122,haase.com,
123,rudolph.de,
124,jockel.com,
125,gotthard.de,
126,loewer.org,
127,taesche.com,
128,jessel.com,
129,jacobi.de,
130,radisch.org,
131,stiffel.de,
132,gehringer.net,
133,wernecke.com,
134,kuehnert.org,
135,krebs.net,
136,knappe.net,
137,van.net,
138,lorch.com,
139,ehlert.com,
140,eberhardt.de,
141,eimer.de,
142,lindau.net,
143,hauffer.net,
144,stumpf.com,
145,davids.de,
146,schleich.de,
147,bruder.com,
148,schottin.de,
149,schmidtke.com,
150,wagner.org,
151,scholtz.net,
152,pieper.net,
153,johann.org,
154,franke.net,
155,berger.org,
156,kaester.de,
157,meister.com,
158,heydrich.de,
159,stiffel.com,
160,zirme.de,
161,bolzmann.de,
162,roskoth.de,
163,juncken.org,
164,hoevel.net,
165,grein.com,
166,jessel.net,
167,scholl.com,
168,mosemann.com,
169,schoenland.org,
170,barth.org,
171,wilms.de,
172,roehricht.de,
173,kramer.de,
174,wieloch.de,
175,junk.net,
176,margraf.de,
177,bolzmann.net,
178,koehler.com,
179,klemm.de,
180,gude.org,
181,heinrich.de,
182,stoll.net,
183,pergande.de,
184,seip.de,
185,kallert.net,
186,nette.de,
187,gnatz.net,
188,seidel.de,
189,stiebitz.net,
190,kranz.de,
191,suessebier.de,
192,lindau.de,
193,lindner.de,
194,geissler.de,
195,loeffler.de,
196,heser.com,
197,stroh.de,
198,schleich.net,
199,davids.net,
200,soelzer.de,
201,wiek.de,
202,werner.net,
203,keudel.de,
204,schmiedt.net,
205,wilmsen.com,
206,jacob.org,
207,rudolph.com,
208,drub.com,
209,hesse.de,
210,mies.net,
211,henck.de,
212,bonbach.de,
213,gutknecht.net,
214,heintze.de,
215,gierschner.org,
216,trubin.de,
217,muehle.de,
218,lindner.com,
219,stoll.de,
220,baehr.com,
221,zimmer.com,
222,nette.com,
223,grein.de,
224,wirth.de,
225,schmidt.org,
226,peukert.de,
227,hamann.com,
228,hoerle.com,
229,weihmann.de,
230,dehmel.com,
231,mueller.org,
232,auch.de,
233,koester.net,
234,siering.de,
235,carsten.de,
236,geisel.de,
237,jacob.de,
238,schmiedecke.com,
239,matthaei.com,
240,bachmann.de,
241,schueler.net,
242,waehner.com,
243,adolph.de,
244,weinhage.com,
245,froehlich.com,
246,seifert.de,
247,dippel.de,
248,binner.com,
249,jopich.de,
250,luebs.de,
251,kuehnert.net,
252,schaefer.com,
253,krause.net,
254,hendriks.com,
255,stolze.de,
256,junck.com,
257,speer.de,
258,eimer.com,
259,freudenberger.de,
260,beckmann.com,
261,thanel.de,
262,heinrich.com,
263,roemer.com,
264,bolnbach.com,
265,schmiedecke.de,
266,klingelhoefer.de,
267,steckel.de,
268,dowerg.de,
269,birnbaum.net,
270,ziegert.de,
271,nette.org,
272,van.com,
273,salz.de,
274,spiess.org,
275,moechlichen.com,
276,dussen.org,
277,heuser.de,
278,hethur.de,
279,rose.com,
280,berger.com,
281,eckbauer.net,
282,mude.de,
283,birnbaum.com,
284,taesche.net,
285,austermuehle.org,
286,girschner.org,
287,gertz.de,
288,loechel.net,
289,ruppert.de,
290,dussen.com,
291,kade.de,
292,werner.de,
293,staude.net,
294,siering.org,
295,noack.de,
296,hiller.de,
297,reinhardt.com,
298,becker.de,
299,stadelmann.com,
300,wulf.net,
301,radisch.net,
302,staude.com,
303,scholl.net,
304,junken.org,
305,pruschke.org,
306,rosenow.com,
307,hornich.de,
308,doerschner.de,
309,doehn.com,
310,klemt.de,
311,koester.de,chemicals
312,schuster.com,
313,holt.org,
314,finke.com,machinery
315,flantz.com,
316,schomber.de,
317,weinhage.de,
318,schenk.org,computer networking
319,hermighausen.com,
320,barkholz.net,
321,wilms.com,information technology & services
322,mitschke.com,
323,reichmann.org,
324,bolander.net,
325,benthin.de,international trade & development
326,poelitz.com,
327,bachmann.com,electrical/electronic manufacturing
328,dobes.de,
329,zahn.de,
330,hoelzenbecher.de,
331,niemeier.org,
332,schueler.com,
333,killer.com,
334,paffrath.com,
335,schinke.com,
336,hethur.com,
337,auch.com,
338,zobel.de,construction
339,junken.de,
340,saeuberlich.net,
341,peukert.com,
342,reinhardt.net,
343,nette.net,
344,stahr.de,
345,zaenker.com,
346,pechel.de,
347,geissler.com,
348,loos.com,
349,jessel.org,
350,hornig.de,
351,eberhardt.com,
352,christoph.de,
353,schomber.net,
354,etzold.com,
355,wernecke.de,
356,baehr.org,
357,putz.de,
358,hertrampf.com,
359,neuschaefer.de,
360,vollbrecht.de,
361,austermuehle.com,
362,heinrich.org,
363,maelzer.de,
364,harloff.net,
365,wirth.com,
366,pruschke.com,
367,wirth.net,
368,preiss.net,
369,kambs.de,
370,berger.de,
371,grein.org,
372,hess.com,
373,rogner.de,
374,matthaei.de,
375,niemeier.de,
376,krein.com,
377,scholtz.de,
378,kaester.com,
379,gorlitz.de,
380,trueb.org,
381,rohleder.com,
382,lachmann.de,
383,gehringer.de,
384,riehl.org,
385,roht.com,
386,staude.de,
387,cichorius.de,
388,schmiedt.de,
389,rosenow.de,
390,pieper.de,
391,hertrampf.net,
392,zahn.org,
393,haase.de,
394,schottin.com,
395,paertzelt.com,
396,buchholz.com,
397,gutknecht.de,
398,scheel.com,
399,tlustek.de,
400,bohlander.de,
401,niemeier.net,
402,klingelhoefer.com,
403,schwital.com,
404,hentschel.org,
405,kobelt.com,
406,foerster.de,
407,doerr.com,
408,schueler.org,
409,austermuehle.net,
410,trommler.de,
411,kade.net,
412,gierschner.de,
413,kambs.com,
414,harloff.com,
415,aumann.de,
416,gunpf.com,
417,bruder.org,
418,seidel.net,
419,naser.com,
420,kuhl.de,
421,huhn.com,
422,fritsch.org,
423,schmidtke.de,
424,holsten.de,
425,sontag.com,
426,stroh.net,
427,mueller.com,
428,jaentsch.com,
429,wagenknecht.com,
430,fischer.de,
431,trapp.com,
432,juncken.de,
433,beier.de,
434,giess.com,
435,pergande.org,
436,liebelt.com,
437,loos.org,
438,renner.de,
439,taesche.de,
440,butte.de,
441,trapp.de,
442,jaehn.de,
443,gute.com,
444,kitzmann.com,
445,schomber.com,
446,nerger.de,
447,kranz.com,
448,warmer.com,
449,ullrich.com,
450,langern.com,
451,kostolzin.org,
452,rust.com,
453,stumpf.de,
454,kabus.de,
455,juettner.de,
456,salz.org,
457,schleich.com,
458,geisel.org,
459,mentzel.de,
460,saeuberlich.de,
461,kobelt.org,
462,sauer.com,
463,roemer.net,
464,etzler.org,
465,albers.com,
466,schoenland.com,
467,dowerg.com,
468,rosemann.com,
469,nerger.com,
470,juncken.com,
471,rogge.com,
472,bolnbach.net,
473,karz.com,
474,bloch.com,
475,keudel.org,
476,stolze.org,
477,mende.de,
478,kraushaar.org,
479,steckel.org,
480,sorgatz.org,
481,wilmsen.net,
482,becker.com,
483,bruder.de,
484,ortmann.de,
485,kade.com,
486,dussen.net,
487,caspar.com,
488,killer.org,
489,reising.de,
490,tintzmann.de,
491,linke.com,
492,segebahn.com,
493,kaul.de,
494,jockel.de,
495,zimmer.de,
496,wagenknecht.de,
497,mueller.de,
498,ziegert.org,
499,ullrich.de,
500,eberth.com,
501,hecker.com,
502,krebs.de,
503,misicher.de,
504,froehlich.de,
505,haering.com,
506,oderwald.org,
507,bien.net,
508,kraushaar.com,
509,mies.com,
510,kaester.org,
511,gute.net,
512,hendriks.de,
513,scholz.de,
514,dietz.de,
515,ritter.de,
516,bolander.de,
517,etzler.com,
518,koch.net,
519,suessebier.com,
520,mangold.org,
521,drub.org,
522,juncken.net,
523,fritsch.de,
524,stiebitz.org,
525,beyer.com,
526,wulff.net,
527,etzler.de,
528,freudenberger.com,
529,tlustek.com,
530,doerr.de,
531,gumprich.de,
532,hering.com,
533,maelzer.com,
534,klapp.net,
535,gnatz.com,
536,wernecke.net,
537,haenel.com,
538,sontag.net,
539,beyer.org,
540,wohlgemut.com,
541,zorbach.com,
542,dietz.org,
543,mielcarek.com,
544,zaenker.de,
545,junck.org,
546,werner.com,
547,krein.net,
548,reuter.com,
549,atzler.net,
550,noack.org,
551,schaaf.org,
552,gumprich.com,
553,kruschwitz.com,
554,boucsein.de,
555,kostolzin.de,
556,kroker.de,
557,putz.com,
558,wulff.org,
559,ernst.com,
560,rosemann.de,
561,schuchhardt.net,
562,drubin.de,
563,heser.de,
564,trub.de,
565,etzold.de,
566,albers.org,
567,knappe.de,
568,mude.org,
569,troest.de,
570,kohl.net,
571,steinberg.org,
572,mangold.de,
573,schmidt.de,
574,mielcarek.net,
575,steinberg.de,
576,jessel.de,
577,preiss.com,
578,kuehnert.com,
579,hornich.net,
580,krause.de,machinery
581,raedel.org,
582,wohlgemut.net,
583,steckel.net,
584,klotz.org,
585,patberg.org,
586,ebert.org,
587,beier.net,
588,trupp.de,
589,loechel.de,
590,lindner.net,
591,textor.net,
592,hornig.org,
593,henk.net,
594,sorgatz.net,
595,albers.net,
596,otto.net,
597,roemer.org,
598,kostolzin.com,
599,krause.com,financial services
600,gierschner.net,
601,groettner.com,
602,stumpf.org,
603,caspar.net,
604,junken.com,
605,striebitz.net,
606,cichorius.com,
607,kroker.net,
608,jacobi.com,
609,martin.de,semiconductors
610,hartmann.de,
611,hethur.net,
612,ritter.net,
613,hellwig.com,
614,hande.de,
615,birnbaum.de,law practice
616,seip.com,
617,mohaupt.org,
618,haering.de,chemicals
619,wagner.de,
620,franke.com,mechanical or industrial engineering
621,roehricht.com,
622,ruppersberger.de,
623,meister.de,mechanical or industrial engineering
624,eberth.org,
625,schoenland.de,
626,kensy.org,
627,fischer.net,
628,hofmann.de,management consulting
629,ernst.de,
630,kusch.org,
631,lachmann.org,
632,haering.org,
633,juettner.com,
634,reuter.de,
635,schmidt.com,
636,lehmann.de,
637,klotz.net,
638,paffrath.org,
639,luebs.com,
640,bloch.de,
641,dippel.net,
642,thanel.org,
643,hertrampf.de,
644,segebahn.net,
645,jacob.com,
646,heinz.org,
647,huebel.org,
648,lehmann.net,
649,oderwald.com,
650,fiebig.de,
651,stahr.com,
652,muehle.com,
653,thies.com,
654,barth.com,
655,junitz.org,
656,jaekel.com,
657,doehn.org,
658,thies.org,
659,winkler.de,
660,anders.net,
661,hauffer.de,
662,graf.de,
663,metz.org,
664,heintze.com,
665,bluemel.org,
666,kreusel.de,
667,wirth.org,
668,eckbauer.com,
669,weller.net,
670,schacht.com,
671,bauer.de,
672,baum.de,
673,niemeier.com,
674,sontag.org,
675,van.de,
676,weinhold.com,
677,scheuermann.de,
678,hahn.de,
679,oestrovsky.net,
680,segebahn.org,
681,klemt.net,
682,schuchhardt.org,
683,neuschaefer.org,
684,mende.net,
685,hornig.com,
686,bien.com,
687,stiebitz.com,
688,ruppert.com,
689,doerschner.com,
690,flantz.de,
691,eigenwillig.com,
692,ring.de,
693,noack.com,
694,briemer.org,
695,warmer.org,
696,heinz.net,
697,schoepf-handl.co.at,
698,riedmann-braun.co.at,
699,aichinger.com,
700,moritz-kocher.at,
701,fleischmann-haderer.com,
702,hoerl-kral.org,
703,neumayr-brandner.com,
704,himmelbauer.org,
705,adler-spiegl.at,
706,falkner.net,
707,schuster.at,
708,gasser.net,
709,schoepf.net,
710,pfister.co.at,
711,haid.org,
712,tischler.net,
713,eberharter.co.at,
714,denk.net,
715,hafner-ofner.com,
716,ziegler.co.at,
717,wiesner-hoermann.net,
718,metzler-polzer.com,
719,schrammel-felber.at,
720,stefan-nussbaumer.net,
721,roessler.at,
722,amon.co.at,
723,mader.co.at,
724,nowak.co.at,
725,wiesbauer.at,
726,lindinger-loidl.net,
727,forstner.at,
728,gattringer.org,
729,spindler.co.at,
730,leutgeb-erlacher.net,
731,leonhartsberger-keller.co.at,
732,ritter.com,
733,ebner.co.at,
734,kummer.at,
735,kreidl-pendl.com,
736,wurm.at,
737,franz.com,
738,erhart-froehlich.at,
739,kucera-ferstl.org,
740,jovanovic.net,
741,berner.com,
742,huemer.co.at,
743,weinberger.co.at,
744,klocker.com,
745,hoffmann-janisch.at,
746,brandl.net,
747,eibl.at,
748,gruener-auer.co.at,
749,pesendorfer.org,
750,lerch.at,
751,blauensteiner.co.at,
752,mitterlehner.org,
753,tanzer.com,
754,glaser.co.at,
755,wiener.net,
756,heim.at,
757,stummer.com,
758,falkner.com,
759,vogt.at,
760,schuler-stadlbauer.co.at,
761,probst-kolar.at,
762,schweighofer.co.at,
763,weiss.at,
764,hirsch-achleitner.at,
765,juen.co.at,
766,fankhauser.co.at,
767,thalhammer.com,
768,krug.org,
769,heinz-angerer.com,
770,putz.at,
771,neuwirth-schrenk.net,
772,edlinger.org,
773,hirschmann.org,
774,neugebauer.net,
775,farkas.net,
776,pfister.org,
777,strauss.org,
778,aichholzer-keller.co.at,
779,scherz.net,
780,neumueller.co.at,
781,pammer.at,
782,neuner.at,
783,strauss.at,
784,sailer.net,
785,hofinger.com,
786,gutmann.org,
787,jovanovic.at,
788,eisl.org,
789,mayerhofer.net,
790,knapp.at,
791,teufl.net,
792,mathis-rosner.com,
793,hoermann.co.at,
794,brenner.org,
795,sommer-koehler.co.at,
796,stolz-kratzer.com,
797,kraft.at,
798,keller-schenk.at,
799,freitag.com,
800,poeschl-wilfinger.org,
801,haeusler.com,
802,muellner.org,
803,neureiter.net,
804,haslauer.co.at,
805,hofmeister.net,
806,schwarzinger-strohmeier.net,
807,buerger.org,
808,proell.com,
809,mayer.net,
810,freudenthaler-stangl.com,
811,staudinger-schranz.org,
812,trummer.org,
813,bergmann.org,
814,kloiber.at,
815,schueller.at,
816,fink-reich.com,
817,wurzinger-trummer.co.at,
818,steindl-pilz.org,
819,schweighofer-steinbauer.org,
820,muehlbacher.com,
821,foidl.co.at,
822,moosbrugger.org,
823,trimmel.org,
824,leber.at,
825,reichmann-keplinger.com,
826,schrittwieser.net,
827,lengauer.net,
828,rauscher-heim.co.at,
829,kirchmair.co.at,
830,lackner-duenser.org,
831,heindl.co.at,
832,mayr-schoen.com,
833,muellner-kaefer.org,
834,wilhelm-rauscher.co.at,
835,mader-adler.net,
836,puchner.net,
837,holzmann.at,
838,haiden.org,
839,hollaus-feigl.org,
840,pfeifer.at,
841,schaffer.com,
842,roeck.at,
843,strohmeier.org,
844,gamsjaeger.at,
845,sulzer.com,
846,erlacher.co.at,
847,kriegl.co.at,
848,sammer.org,
849,bitschnau.net,
850,rohrer-reichl.net,
851,larcher-landl.net,
852,kerschbaumer.co.at,
853,marx.net,
854,kaiser-siller.co.at,
855,pilz.co.at,
856,praxmarer-held.co.at,
857,dirnberger.at,
858,breuer.net,
859,wiesner.net,
860,gasser.com,
861,mandl.co.at,
862,stern-roessler.at,
863,schiefer-payer.net,
864,prenner-ladner.at,
865,neubauer.co.at,
866,fink.net,
867,heinzl.at,
868,zoechling.com,
869,ertl.net,
870,boeck-peer.net,
871,schinnerl.com,
872,steger.org,
873,brenner-hinterberger.co.at,
874,schweighofer-zechmeister.co.at,
875,eichinger.net,
876,buchegger.com,
877,stark-mohr.at,
878,schiestl.org,
879,krainer.co.at,
880,reitinger.com,
881,stark.net,
882,schantl.org,
883,mader.org,
884,krammer.org,
885,fink.org,
886,riedmann-brandtner.com,
887,freudenthaler.co.at,
888,forster.net,
889,haeusler.at,individual & family services
890,ringhofer.co.at,construction
891,noebauer-lagler.net,
892,schneider-lindorfer.co.at,
893,bergmann.co.at,
894,seifert.co.at,
895,haller.at,construction
896,riepl.com,
897,schandl.at,
898,reiter.org,
899,kroell.co.at,
900,margreiter-bichler.org,
901,rudolf.at,
902,kohl-huber.at,
903,scherr-danninger.com,
904,dangl-jovanovic.com,
905,schranz.net,
906,stoeger.net,retail
907,reinprecht-kraxner.co.at,
908,jenewein.org,
909,hackl.co.at,
910,kugler.co.at,
911,auinger.at,
912,mark.net,professional training & coaching
913,mayrhofer.net,
914,resch.co.at,
915,hoffmann.net,
916,baier-sperl.net,
917,grill.org,
918,geier-klement.org,
919,wilfinger.co.at,
920,muehlboeck-lerch.com,
921,gasser-schantl.co.at,
922,prinz.co.at,
923,rabitsch.org,
924,oberleitner.at,
925,schiefer.at,
926,platzer-amon.at,
927,haider.co.at,
928,bayer-grabner.com,
929,dengg.net,
930,vogt.net,
931,schaefer.at,
932,weninger.com,
933,beer.com,
934,duenser.co.at,
935,mitterlehner-schilcher.co.at,
936,ostermann.com,
937,salzer-lorenz.co.at,
938,haidinger-mohr.com,
939,radl.com,
940,kargl.at,
941,ulrich.at,
942,pirker.com,
943,larcher.co.at,
944,kral.org,
945,paul.co.at,
946,forstner.org,
947,jenewein.at,
948,dietl.at,
949,neuhauser.net,
950,gamsjaeger.net,
951,kollmann-kurzmann.net,
952,schartner-schuller.at,
953,buchner.co.at,
954,freudenthaler-leutgeb.org,
955,auer.net,
956,schantl-ebner.co.at,
957,edlinger-mayrhofer.org,
958,kocher.co.at,
959,kohler-kuhn.co.at,
960,koeberl.com,
961,forster-sonnleitner.net,
962,nagel.com,
963,putz.net,
964,heigl-schrenk.co.at,
965,graf.at,
966,haemmerle.org,
967,rath-schoepf.at,
968,heiss-schmoelzer.net,
969,moosbrugger.net,
970,kurzmann-feichtner.at,
971,lerch.co.at,
972,prinz.net,
973,dengg.at,
974,fuhrmann-steinbauer.co.at,
975,zeller.org,
976,froschauer-hagen.at,
977,schoenauer.net,
978,vogl-bader.org,
979,keplinger-ott.co.at,
980,friedl.net,
981,springer.co.at,
982,dirnberger-rudolf.net,
983,bayer.co.at,
984,nussbaumer.net,
985,staudinger.com,
986,schwaighofer.com,
987,schwarzl.at,
988,neugebauer-bischof.com,
989,toth.org,
990,jenewein-bartl.co.at,
991,wilfinger.org,
992,wieland.co.at,
993,achleitner.at,
994,gruener-krenn.com,
995,lindorfer-gabriel.co.at,
996,mayer.org,
997,dorn.co.at,
998,goeschl.net,
999,thalhammer.at,
1000,steindl-markl.com,
1001,gmeiner.net,
1002,feichtner-schoeffmann.org,
1003,zeiler-klaus.co.at,
1004,schwaiger.co.at,
1005,klotz.at,
1006,langer.org,
1007,scheer.at,
1008,forster-jandl.co.at,
1009,vogl.at,
1010,joebstl.org,
1011,rinner.com,
1012,kahr-seitz.org,
1013,petz.net,
1014,glaser-schwab.co.at,
1015,stueckler.com,
1016,schuster.co.at,
1017,taucher.org,
1018,hagen-schandl.org,
1019,kopf.org,
1020,kapeller.net,
1021,winter-rossmann.at,
1022,schoen.at,
1023,frey.com,
1024,putz.org,
1025,krainz.net,
1026,haiden.at,
1027,nagele.net,
1028,punz.at,
1029,kohl.com,
1030,bachmann.co.at,
1031,muehlberger.org,
1032,kiss.net,
1033,werner.at,
1034,payer-marx.co.at,
1035,bitschnau.co.at,
1036,haderer.org,
1037,neumueller.org,
1038,herzog.at,
1039,wandl.co.at,
1040,weidinger.com,
1041,stoiber.at,
1042,huetter.co.at,
1043,pfleger.com,
1044,hainzl-gangl.com,
1045,bruckner.org,
1046,hahn-loibl.com,
1047,streicher.com,
1048,schuler-rosner.net,
1049,weigl.net,
1050,schrammel.at,
1051,kohler-laimer.com,
1052,weinberger-hermann.org,
1053,kitzler.net,
1054,bachler-toth.net,
1055,jank.at,
1056,schartner.com,
1057,kaufmann.com,
1058,moser-riedl.org,
1059,schmied.at,
1060,schwarzinger-schmidl.net,
1061,klement-adam.org,
1062,perner.co.at,
1063,lorenz.org,
1064,wilhelm.com,
1065,berthold-kern.net,
1066,steinlechner.net,
1067,braun-schmied.net,
1068,erler-haeusler.at,
1069,ender.com,
1070,haemmerle.co.at,
1071,schmid.net,
1072,klug-schwaighofer.com,
1073,hoerl.org,
1074,kerschbaum.co.at,
1075,koeck.at,
1076,zettl.org,
1077,kremser.com,
1078,neureiter.org,
1079,scharf-danner.co.at,
1080,leutgeb.net,
1081,eichhorn-eibl.at,
1082,mohr.co.at,
1083,denk.org,
1084,macher.org,
1085,loidl.net,
1086,lampert.com,
1087,rieger.co.at,
1088,gschwandtner-fichtinger.com,
1089,riener.at,
1090,kiss.co.at,
1091,unger-wilfinger.net,
1092,horn.net,
1093,wittmann.at,
1094,froeschl.at,
1095,stelzer.at,
1096,pfeifer.co.at,
1097,moritz.co.at,
1098,werner-rauter.org,
1099,kolm-hartmann.com,
1100,stadler.com,
1101,stadler.co.at,
1102,bock.co.at,
1103,kirschner.com,
1104,fleck.net,
1105,stoeger.com,
1106,heinz-schoeller.co.at,
1107,schmoelzer-schindler.org,
1108,kirchner.co.at,
1109,reithofer-gutmann.at,
1110,pieber.at,
1111,kirchmair-fritsch.org,
1112,boehler.at,
1113,lipp-traxler.co.at,
1114,trimmel.at,
1115,herbst.com,
1116,krammer.at,
1117,praxmarer.co.at,
1118,stockhammer-spindler.at,
1119,martin.at,
1120,kaspar.com,
1121,kurzmann-scheer.co.at,
1122,meier-seiser.co.at,
1123,riedl.co.at,
1124,nowak-hoefer.com,
1125,burtscher.com,
1126,gutmann.co.at,
1127,artner.co.at,
1128,rotter.at,
1129,zeiner.at,
1130,schneeberger-wilhelm.net,
1131,reinisch.net,
1132,nowak.org,
1133,marte.com,
1134,fruehwirth.com,
1135,brugger.co.at,
1136,erhart-schinagl.net,
1137,huebner-gassner.org,
1138,siegl.co.at,
1139,schreiber.com,
1140,hinterberger.co.at,
1141,gruener.co.at,
1142,vogl.com,
1143,kerschbaumer-felder.co.at,
1144,bergmann-knoll.org,
1145,reiter.co.at,
1146,sorger.co.at,
1147,burgstaller.net,
1148,scheiber-wenzl.at,
1149,eichhorn.co.at,
1150,brandtner.at,
1151,neugebauer.org,
1152,lindorfer.com,
1153,rossmann.org,
1154,steiner-beer.com,
1155,goetz.org,
1156,wohlmuth.at,
1157,kofler-bitschnau.org,
1158,schantl-oberndorfer.com,
1159,riedler-steinwender.at,
1160,achleitner-karl.org,
1161,schneeberger.at,
1162,blum-kellner.com,
1163,klingler.net,
1164,rabl-eberhard.at,
1165,blum.org,
1166,muhr.org,
1167,kolb-singer.co.at,
1168,berthold.org,
1169,freitag-meyer.at,
1170,gross-graf.net,
1171,aichinger.net,
1172,auer.com,
1173,fasching.at,
1174,mandl.net,
1175,puchner.at,
1176,roth.com,
1177,gratzl.com,
1178,schmid-hutterer.com,
1179,kalin-fluckiger.com,
1180,hafliger.com,
1181,buhlmann-portmann.com,
1182,moser.net,
1183,wettstein-mettler.com,
1184,amrein.com,
1185,haas.org,
1186,wenger.info,
1187,sporri.biz,
1188,iten.com,
1189,portmann.com,
1190,kuhn.org,
1191,hodel-ammann.com,
1192,schafer.com,
1193,schurch.com,
1194,jenni.org,
1195,zbinden.org,
1196,roth.org,
1197,schwarz-sidler.org,
1198,christen.com,
1199,hermann.com,
1200,brun.com,
1201,kaiser.org,
1202,schar.com,
1203,bosshard.com,
1204,vogt.com,
1205,sigrist-kohler.com,
1206,buhlmann.net,
1207,lang.biz,
1208,steinmann.com,
1209,hofstetter.org,
1210,leunberger.com,
1211,felder-kagi.com,
1212,mettler.com,
1213,ruegg.com,
1214,baumann.info,
1215,eichenberger-tanner.biz,
1216,michel.com,
1217,kuhn-graf.com,
1218,wegmann.org,
1219,siegrist-meili.com,
1220,meyer.com,
1221,fuchs.org,
1222,merz.info,
1223,leu.com,
1224,sigrist.net,
1225,naf.com,
1226,haas.com,
1227,wolf-baumann.info,
1228,fluckiger.net,
1229,martin.com,
1230,giger-tanner.com,
1231,fankhauser.com,
1232,bar.org,
1233,wuthrich.info,
1234,schaub.com,
1235,kohler.com,
1236,winkler.com,
1237,geiger-hug.com,
1238,steinmann-isler.com,
1239,stockli.net,
1240,giger.net,
1241,lutz.com,
1242,hofmann.net,
1243,lang-hauser.com,
1244,schwab.com,
1245,eichenberger.net,
1246,benz.net,
1247,arnold-frey.org,
1248,wirth-schmidt.com,
1249,huber.org,
1250,hoffmann-eugster.biz,
1251,buhlmann-brunner.net,
1252,wuthrich.com,
1253,widmer.com,
1254,meili-ammann.com,
1255,stutz.com,
1256,ritter-benz.com,
1257,wehrli-seiler.com,
1258,maier-stockli.biz,
1259,schumacher.biz,
1260,tanner.info,
1261,kunz.net,
1262,schwarz.com,
1263,ziegler-scharer.biz,
1264,bolliger.com,
1265,leu-blum.com,
1266,bieri.com,
1267,knecht.com,
1268,vogt-mayer.com,
1269,hug.net,
1270,etienne.com,
1271,garcia.com,
1272,marie.net,
1273,baudry.com,
1274,albert.fr,
1275,roche.org,
1276,aubert.fr,
1277,seguin.fr,
1278,picard.com,
1279,faure.com,
1280,renaud.fr,
1281,delmas.net,
1282,guillet.com,
1283,martins.com,
1284,guyon.net,
1285,laine.net,
1286,thomas.net,
1287,alexandre.fr,
1288,rousset.com,
1289,renaud.com,
1290,poirier.fr,
1291,huet.com,
1292,laurent.net,
1293,labbe.net,
1294,roche.com,
1295,godard.com,
1296,duhamel.com,
1297,lebrun.fr,
1298,verdier.com,
1299,bodin.com,
1300,bigot.com,
1301,thierry.com,
1302,gaillard.fr,
1303,adam.fr,
1304,le.fr,
1305,lenoir.fr,
1306,ruiz.net,
1307,martineau.com,
1308,brun.fr,
1309,blanchard.org,
1310,guillot.fr,
1311,simon.fr,
1312,duval.com,
1313,dupont.fr,
1314,garnier.fr,
1315,garcia.net,
1316,fouquet.fr,
1317,perret.com,
1318,thierry.fr,
1319,toussaint.org,
1320,bruneau.com,
1321,marechal.net,
1322,delattre.com,
1323,faivre.com,
1324,potier.fr,
1325,nguyen.fr,
1326,ramos.com,
1327,lamy.com,
1328,gilles.com,
1329,guibert.com,
1330,breton.com,
1331,neveu.fr,
1332,grenier.com,
1333,rousseau.net,
1334,riviere.fr,
1335,simon.net,
1336,didier.net,
1337,rousseau.org,
1338,navarro.fr,
1339,faivre.net,
1340,benoit.com,
1341,raynaud.com,
1342,bouchet.org,
1343,roche.fr,
1344,lacroix.com,
1345,da.net,
1346,lopes.net,
1347,toussaint.fr,
1348,millet.net,
1349,coste.net,
1350,jacquot.fr,
1351,colin.fr,
1352,barthelemy.com,
1353,chauvin.com,
1354,ollivier.fr,
1355,perez.fr,
1356,fernandes.fr,
1357,pineau.org,
1358,dos.fr,
1359,dupre.fr,
1360,rocher.fr,
1361,baron.com,
1362,lefebvre.com,
1363,delaunay.fr,
1364,charrier.org,
1365,lemaire.org,
1366,martinez.com,
1367,schmitt.com,
1368,ollivier.com,
1369,fernandez.com,
1370,legrand.net,
1371,fournier.com,
1372,munoz.org,
1373,diaz.com,
1374,coste.org,
1375,vallee.net,
1376,dijoux.com,
1377,charpentier.org,
1378,bonnin.com,
1379,colin.com,
1380,teixeira.com,
1381,pottier.fr,
1382,pichon.com,
1383,raynaud.net,
1384,riou.net,
1385,gilles.net,
1386,michel.net,
1387,charpentier.com,
1388,texier.net,
1389,delmas.org,
1390,leduc.org,
1391,bailly.com,
1392,brunel.com,
1393,giraud.net,
1394,colas.org,
1395,coulon.fr,
1396,vidal.fr,
1397,dubois.net,
1398,hubert.com,
1399,muller.com,
1400,valentin.com,
1401,collin.com,
1402,remy.com,
1403,girard.fr,
1404,ramos.fr,
1405,benard.fr,
1406,gimenez.com,
1407,hoarau.fr,
1408,fernandes.com,
1409,georges.com,
1410,vallet.fr,
1411,blin.net,
1412,bourdon.com,
1413,robin.fr,
1414,giraud.com,
1415,hamon.fr,
1416,de.com,
1417,julien.net,
1418,blanchet.fr,
1419,lesage.org,
1420,gomez.net,
1421,georges.fr,
1422,leclerc.fr,
1423,leduc.net,
1424,robin.org,
1425,muller.net,
1426,thierry.org,
1427,pruvost.net,
1428,vasseur.com,
1429,bruneau.fr,
1430,roux.fr,
1431,de.org,
1432,imbert.fr,
1433,bertrand.fr,
1434,chauveau.fr,
1435,torres.com,
1436,moulin.com,
1437,le.com,
1438,normand.net,
1439,de.fr,
1440,vallee.com,
1441,merle.com,
1442,fontaine.fr,
1443,daniel.org,
1444,mallet.fr,
1445,bailly.fr,
1446,dupuy.net,
1447,pruvost.com,
1448,marty.com,
1449,lopez.com,
1450,lesage.fr,
1451,denis.org,
1452,aubert.com,
1453,leconte.com,
1454,leblanc.net,
1455,leleu.fr,
1456,delorme.com,
1457,david.fr,
1458,cousin.fr,
1459,techer.net,
1460,leveque.com,
1461,lecoq.com,
1462,pruvost.fr,
1463,marty.fr,
1464,diaz.org,
1465,da.com,
1466,courtois.com,
1467,marchal.com,
1468,marin.fr,
1469,guilbert.fr,
1470,philippe.com,
1471,martel.fr,
1472,vincent.com,
1473,muller.org,
1474,mallet.net,
1475,dupuis.net,
1476,ruiz.fr,
1477,gonzalez.net,
1478,dijoux.org,
1479,joseph.fr,
1480,salmon.fr,
1481,mary.com,
1482,durand.fr,
1483,gautier.com,
1484,bazin.fr,
1485,gauthier.fr,
1486,masson.com,
1487,vasseur.fr,
1488,evrard.fr,
1489,brun.org,
1490,david.net,
1491,parent.org,
1492,legrand.com,
1493,grenier.org,
1494,guillot.net,
1495,marin.com,
1496,parent.fr,
1497,lefebvre.fr,
1498,baudry.fr,
1499,buisson.com,
1500,gomez.fr,
1501,faure.fr,
1502,jacquet.org,
1503,marchal.org,
1504,alves.com,
1505,olivier.com,
1506,berthelot.fr,
1507,leroy.com,
1508,foucher.org,
1509,guillon.org,
1510,adam.org,
1511,laurent.fr,
1512,francois.fr,
1513,richard.com,
1514,pierre.fr,
1515,perrin.fr,
1516,leleu.com,
1517,bertin.com,
1518,gaudin.net,
1519,martinez.net,
1520,camus.com,
1521,andre.fr,
1522,lecoq.fr,
1523,lemonnier.fr,
1524,leclerc.org,
1525,blot.fr,
1526,fournier.fr,
1527,chevalier.com,
1528,lagarde.com,
1529,jourdan.fr,
1530,gillet.org,
1531,weiss.fr,
1532,hardy.com,
1533,mary.net,
1534,charles.net,
1535,gros.com,
1536,leveque.org,
1537,tanguy.org,
1538,maillot.net,
1539,marion.net,
1540,vallee.fr,
1541,toussaint.com,
1542,renard.net,
1543,gonzalez.com,
1544,moulin.net,
1545,coste.fr,
1546,diallo.com,
1547,andre.net,
1548,bernier.com,
1549,bonnin.fr,
1550,henry.fr,
1551,bouvier.net,
1552,morin.fr,
1553,tanguy.com,
1554,da.fr,
1555,hernandez.fr,
1556,berger.fr,
1557,garnier.com,
1558,royer.fr,
1559,masse.org,
1560,allard.com,
1561,barthelemy.org,
1562,dumas.fr,
1563,goncalves.fr,
1564,carpentier.net,
1565,duhamel.fr,
1566,gerard.fr,
1567,gauthier.com,
1568,merle.net,
1569,maillet.org,
1570,lefebvre.org,
1571,leclercq.com,
1572,lefort.com,
1573,becker.net,
1574,coulon.com,
1575,leroux.net,
1576,perrin.org,
1577,hamon.com,
1578,cohen.fr,
1579,louis.com,
1580,mendes.fr,
1581,germain.com,
1582,laroche.net,
1583,lombard.fr,
1584,sauvage.org,
1585,raynaud.fr,
1586,bouchet.com,
1587,seguin.net,
1588,dupuy.fr,
1589,camus.org,
1590,lefevre.com,
1591,morin.com,
1592,durand.com,
1593,girard.com,
1594,ruiz.com,
1595,philippe.fr,
1596,mallet.com,
1597,launay.fr,
1598,langlois.com,
1599,loiseau.fr,
1600,tessier.fr,
1601,monnier.com,
1602,reynaud.com,
1603,hamel.com,
1604,dubois.fr,
1605,david.com,
1606,thomas.com,
1607,munoz.com,
1608,lecomte.net,
1609,perrot.fr,
1610,laporte.net,
1611,herve.com,
1612,pelletier.fr,
1613,marchand.fr,
1614,bonnin.net,
1615,carre.net,
1616,pinto.fr,
1617,boulay.com,
1618,roger.com,
1619,rolland.com,
1620,peron.com,
1621,pages.com,
1622,lacombe.com,
1623,daniel.fr,
1624,marty.org,
1625,delattre.org,
1626,leroux.com,
1627,mendes.com,
1628,girard.net,
1629,alexandre.org,
1630,daniel.com,
1631,lombard.com,
1632,bonnet.fr,
1633,pires.com,
1634,chauveau.org,
1635,picard.fr,
1636,philippe.net,
1637,giraud.fr,
1638,guillaume.com,
1639,guillet.fr,
1640,collet.fr,
1641,gregoire.com,
1642,marchand.com,
1643,deschamps.com,
1644,grondin.com,
1645,coste.com,
1646,lacombe.fr,
1647,jacques.fr,
1648,renault.fr,
1649,jacquet.fr,
1650,deschamps.fr,
1651,lemaitre.com,
1652,lucas.fr,
1653,carpentier.fr,
1654,sanchez.fr,
1655,valentin.net,
1656,chauvet.com,
1657,jean.fr,
1658,reynaud.fr,
1659,meyer.fr,
1660,francois.net,
1661,ribeiro.org,
1662,briand.fr,
1663,nicolas.fr,
1664,petitjean.org,
1665,lenoir.net,
1666,marchal.fr,
1667,allain.fr,
1668,marques.fr,
1669,lebrun.net,
1670,descamps.com,
1671,dias.com,
1672,bourdon.fr,
1673,carre.com,
1674,grenier.fr,
1675,lambert.com,
1676,brunet.com,
1677,gomes.fr,
1678,morvan.fr,
1679,muller.fr,
1680,besson.org,
1681,gustin-simon.com,
1682,mathieu.com,
1683,berger-dechamps.org,
1684,noel.com,
1685,lallemand-bastin.com,
1686,de.info,
1687,grandjean-thonon.com,
1688,dujardin.net,
1689,dupont.biz,
1690,marchand.biz,
1691,paquay-bury.com,
1692,mouton.com,
1693,laurent-klein.org,
1694,gregoire-mathieu.info,
1695,gauthier.net,
1696,nicolay-dufrane.com,
1697,duval.biz,
1698,robert.biz,
1699,libert.info,
1700,beckers.com,
1701,dupont.com,
1702,liegeois.org,
1703,wilkin.com,
1704,demoulin.com,
1705,wathelet.org,
1706,delfosse.com,
1707,thirion.com,
1708,godart.com,
1709,wilmotte.com,
1710,janssen-bogaert.com,
1711,dubois-bah.net,
1712,peeters.com,
1713,thiry-smets.com,
1714,mathieu-delforge.net,
1715,cordier-robert.com,
1716,michiels-constant.com,
1717,docquier-simon.com,
1718,rousseau-bouillon.com,
1719,rousseau.com,
1720,leclercq.net,
1721,orban.com,
1722,monfort.com,
1723,parent.com,
1724,delforge-gerard.info,
1725,dewez.com,
1726,lefebvre-leblanc.info,
1727,jacques.com,
1728,roland.com,
1729,charles.com,
1730,olivier-poncelet.com,
1731,moureau.biz,
1732,corman.net,
1733,gosset.com,
1734,eloy.biz,
1735,compere.com,
1736,desmet-gillet.com,
1737,lefevre.info,
1738,leblanc-parmentier.com,
1739,bouillon.net,
1740,duchene-leleux.com,
1741,navez-adam.com,
1742,alexandre.com,
1743,vrancken.com,
1744,dumont-denis.com,
1745,callens-dony.com,
1746,lambert.biz,
1747,marchal-stevens.com,
1748,collignon.com,
1749,leclercq.biz,
1750,lahaye.org,
1751,marechal.info,
1752,gerard-lambert.info,
1753,piron-delvaux.com,
1754,lemaire.com,
1755,cornet.net,
1756,wauthier.biz,
1757,verhaeghe.biz,
1758,legrand-gobert.com,
1759,francois-lambotte.com,
1760,pirson-piret.com,
1761,bourgeois.com,
1762,jacquemart.com,
1763,crahay.com,
1764,dussart.com,
1765,cuvelier.com,
1766,docquier-meyer.info,
1767,dumont.com,
1768,bastin.com,
1769,jacobs.org,
1770,wattiez-dumoulin.com,
1771,rousseau.biz,
1772,christiaens.net,
1773,collard.net,
1774,godefroid-detry.biz,
1775,poncelet.biz,
1776,flament.biz,
1777,huberty-becker.com,
1778,stevens.com,
1779,michaux-dubois.net,
1780,louis-denis.com,
1781,adam-doyen.com,
1782,lepage-petit.com,
1783,martin.info,
1784,joly-dieu.com,
1785,parent.net,
1786,goossens.com,
1787,piette.org,
1788,moreau.net,
1789,smets-vermeulen.info,
1790,salmon-bourgeois.com,
1791,hendrickx.com,
1792,rousseau-marion.org,
1793,dubois-bruno.org,
1794,joly.info,
1795,allard.info,
1796,lambotte.org,
1797,bodart.com,
1798,mathy-delhaye.com,
1799,duez.com,
1800,lemaire.info,
1801,lacroix-gilson.info,
1802,nicolas.org,
1803,halleux.info,
1804,hougardy-legrand.com,
1805,laloux-wilmet.org,
1806,lefebvre.info,
1807,piret.info,
1808,nizet.biz,
1809,bourguignon.net,
1810,parent.biz,
1811,vandevelde.net,
1812,lebrun-lejeune.com,
1813,lucas.com,
1814,hermans.com,
1815,peeters-de.biz,
1816,de.biz,
1817,vercammen-verbruggen.net,
1818,moors-devolder.com,
1819,renders.net,
1820,van.org,
1821,dobbelaere.com,
1822,schepens.com,
1823,thys.net,
1824,verstraeten-de.info,
1825,huyghe.com,
1826,wouters.net,
1827,boon.com,
1828,laenen-van.biz,
1829,thijs.com,
1830,wauters.com,
1831,leroy-janssens.com,
1832,beeckman.com,
1833,wuyts.com,
1834,simons.com,
1835,pauwels-huybrechts.org,
1836,dewitte-peters.com,
1837,van.biz,
1838,michiels.info,
1839,ceulemans.org,
1840,coppens-somers.com,
1841,demeyere.com,
1842,dewilde.net,
1843,claes-degroote.com,
1844,claeys-van.com,
1845,smeets.com,
1846,willems-van.net,
1847,mestdagh.com,
1848,moors.info,
1849,smets.com,
1850,jans.com,
1851,desmet.biz,
1852,claeys.net,
1853,geens.biz,
1854,somers.com,
1855,de.net,
1856,govaerts.net,
1857,daems.com,
1858,buyse-bruggeman.org,
1859,marien.com,
1860,claessens.com,
1861,moreels.com,
1862,verbeeck.com,
1863,verhoeven-hermans.com,
1864,dewulf.com,
1865,rombouts-de.biz,
1866,jacobs.com,
1867,coppens.org,
1868,demeyer.org,
1869,dubois.com,
1870,smits.biz,
1871,horemans-willems.com,
1872,debruyne-de.com,
1873,moonen-van.com,
1874,jansen-vervaeke.com,
1875,nelissen-adriaensen.biz,
1876,vanderheyden.biz,
1877,declercq-wynants.com,
1878,demeyer.info,
1879,lemmens.com,
1880,vandewalle.com,
1881,lambrechts.com,
1882,stevens-van.biz,
1883,heyvaert.net,
1884,goethals.biz,
1885,claeys.info,
1886,stevens.info,
1887,michiels.net,
1888,bogaerts-nuyts.info,
1889,praet.com,
1890,samyn.com,
1891,bauwens.com,
1892,nys.net,
1893,goethals-rombouts.com,
1894,lievens-lauwers.com,
1895,smet.com,
1896,maris.info,
1897,verheyen.com,
1898,verlinden.com,
1899,timmermans.com,
1900,dhondt.com,
1901,van.info,
1902,raes-van.com,
1903,verhulst.com,
1904,pauwels.com,
1905,melis.org,
1906,standaert.info,
1907,dewitte.com,
1908,verbrugghe.org,
1909,ceulemans.net,
1910,adriaensen-merckx.com,
1911,vanderstraeten.com,
1912,peeters-verlinden.com,
1913,vandenbussche-mertens.info,
1914,willems.com,
1915,pieters.com,
1916,huysmans-lenaerts.com,
1917,voet-thys.com,
1918,maertens.info,
1919,maertens-vermeir.net,
1920,desmet-dierickx.com,
1921,ali.net,
1922,declercq.com,
1923,hendrickx.info,
1924,vinck.com,
1925,janssens-vermeersch.org,
1926,bekaert-dierckx.net,
1927,swennen.com,
1928,beernaert.com,
1929,vandenberghe-jonckheere.com,
1930,lemmens-debruyne.net,
1931,heylen.com,
1932,wouters-de.com,
1933,verlinden-ramaekers.com,
1934,luyten.com,
1935,joos-helsen.biz,
1936,verstraete-callebaut.com,
1937,driesen.net,
1938,cools.com,
1939,vandecasteele.com,
1940,leys.biz,
1941,houben.biz,
1942,maertens.biz,
1943,faes.org,
1944,verstraete-geudens.org,
1945,blommaert.com,
1946,mortier-willems.org,
1947,matthys.net,
1948,leemans.com,
1949,verbist.com,
1950,colman.com,
1951,bosmans.info,
1952,pollet.com,
1953,goethals-peeters.com,
1954,casteleyn.com,
1955,jans-dewitte.net,
1956,andries.org,
1957,schoofs.com,
1958,roels.com,
1959,huysmans.biz,
1960,mertens.org,
1961,vleugels.com,
1962,denys-verwimp.net,
1963,michielsen.info,
1964,stevens-vercauteren.com,
1965,simons.info,
1966,heremans-baetens.com,
1967,viaene.com,
1968,janssens.com,
1969,rombaut.info,
1970,belmans.com,
1971,luyckx-rutten.com,
1972,bauwens-coppens.info,
1973,vervoort-proost.biz,
1974,willems.biz,
1975,denys-vermeulen.biz,
1976,janssen.com,
1977,hendrickx-de.net,
1978,vanneste.com,
1979,singh.com,
1980,smets-de.info,
1981,maertens-cox.com,
1982,verhelst.org,
1983,meert.com,
1984,wuyts.org,
1985,hermans-vandewalle.com,
1986,segers-de.com,
1987,verdonck-vercruysse.com,
1988,merckx-verheyden.com,
1989,pattyn-peeters.com,
1990,verbrugghe.com,
1991,huys-de.com,
1992,pollet-moerman.com,
1993,kenis-de.com,
1994,govaerts.com,
1995,proost-van.com,
1996,verhoeven.com,
1997,deconinck.com,
1998,voet-verbist.com,
1999,peeters-sels.com,
2000,vandevelde.com,
2001,claesen.com,
2002,neirynck-geerts.com,
2003,andries.biz,
2004,aerts.com,
2005,tielemans.com,
2006,meeus-lemmens.info,
2007,singh-callebaut.com,
2008,deman.com,
2009,moens.biz,
2010,houben.com,
2011,vercauteren-goossens.com,
2012,merckx.com,
2013,goossens.org,
2014,luyten.net,
2015,bertels.org,
2016,blondeel.info,
2017,vergauwen.com,
2018,put-van.com,
2019,buelens.org,
2020,bruggeman-theys.info,
2021,kaya-van.net,
2022,dekeyser-cools.com,
2023,lammens.com,
2024,maes.biz,
2025,vandenbroucke.com,
2026,claeys.com,
2027,smits.com,
2028,michiels.biz,
2029,claes.com,
2030,dubois-bruggeman.com,
2031,bauwens.biz,
2032,vereecke.com,
2033,hermans-verfaillie.com,
2034,verbeke-goossens.com,
2035,sterckx.net,
2036,singh-van.com,
2037,merckx.net,
2038,vermeiren-depoorter.com,
2039,jansen-roelandt.com,
2040,verhelst-van.com,
2041,adams-de.com,
2042,peeters.org,
2043,casteleyn.info,
2044,geerts-lambrecht.com,
2045,mertens.com,
2046,wouters-fransen.org,
2047,verstappen-roelandt.com,
2048,lievens.com,
2049,dhondt-van.com,
2050,peeters-buysse.com,
2051,dekeyser-vleugels.biz,
2052,roels-janssens.com,
2053,schepers-van.com,
2054,bogaerts.biz,
2055,willems-wouters.com,
2056,verheyen-de.com,
2057,jacobs.net,
2058,bracke-vandewalle.com,
2059,hendrickx.net,
2060,dierckx.com,
2061,maes.com,
2062,stichting.com,
2063,perfetti.info,
2064,feenstra.com,
2065,koninklijke.com,
2066,peter.com,
2067,willemsen.com,
2068,schulten.com,
2069,sligro.com,
2070,arboned.com,
2071,ariens.com,
2072,muijs.org,
2073,vial.com,
2074,koninklijke.info,
2075,kleijse.org,
2076,nautadutilh.biz,
2077,sanders.com,
2078,kerkhof.com,
2079,nautadutilh.com,
2080,wolzak.com,
2081,kruns.org,
2082,courtier.com,
2083,the.com,
2084,kamper.com,
2085,koninklijke.biz,
2086,dijkman.net,
2087,frankhuizen.com,
2088,emerson.com,
2089,brizee.info,
2090,alewijnse.net,
2091,winters.info,
2092,boon.net,
2093,uittenbosch.com,
2094,p4people.net,
2095,spiker.com,
2096,royal.com,
2097,syngenta.com,
2098,bezemer.com,
2099,nieuwstraten.com,
2100,waltrade.com,
2101,bookingcom.net,
2102,ihc.com,
2103,mosley.com,
2104,pearle.org,
2105,blom.com,
2106,koninklijke.net,
2107,damen.org,
2108,timmermans.biz,
2109,syntus.info,
2110,nedermeijer.com,
2111,zevenboom.com,
2112,huijben.com,
2113,royal.biz,
2114,jorrisen.biz,
2115,perkins.biz,
2116,nijman.com,
2117,huijbrechts.com,
2118,cornelisz.com,
2119,waltrade.net,
2120,vierdag.com,
2121,poncelet.info,
2122,dummen.org,
2123,hoogvliet.com,
2124,besi.com,
2125,volkerwessels.com,
2126,bam.com,
2127,martens.com,
2128,greij.biz,
2129,ndc.net,
2130,emmen.com,
2131,beijring.biz,
2132,tmf.biz,
2133,pison.com,
2134,strik.com,
2135,post.net,
2136,deloitte.com,
2137,speijer.biz,
2138,briere.info,
2139,farm.biz,
2140,beekman.com,
2141,cornelis.com,
2142,robbrechts.org,
2143,wipstrik.com,
2144,jurrijens.org,
2145,royal.org,
2146,coret-coredo.com,
2147,becht.net,
2148,loreal.com,
2149,adp.com,
2150,bourgondie.com,
2151,uphus.com,
2152,brizee.biz,
2153,die.com,
2154,gamma.net,
2155,atradius.com,
2156,vergeer.com,
2157,aldi.com,
2158,adecco.com,
2159,persijn.info,
2160,cadefau.com,
2161,jan.org,
2162,goedhart.com,
2163,beijring.info,
2164,wooning.com,
2165,gerritse.net,
2166,linde.com,
2167,brand.org,
2168,westermann.biz,
2169,eneco.com,
2170,hoppenbrouwer.com,
2171,stichting.net,
2172,fremie.org,
2173,verharen.com,
2174,heerschop.org,
2175,klein.biz,
2176,brandt.biz,
2177,chrodtrud.com,
2178,theodoor.com,
2179,breman.com,
2180,geerling.com,
2181,koninklijke.org,
2182,p4people.com,
2183,baker.com,
2184,waardeloo.biz,
2185,houdijk.com,
2186,roose.com,
2187,ghoerle.com,
2188,middelkoop.org,
2189,hulst.com,
2190,royal.info,
2191,royal.net,
2192,bejo.com,
2193,gnodde.biz,
2194,brese.com,
2195,boogaerts.com,
2196,nationale.biz,
2197,gvb.com,
2198,post.biz,
2199,woonzorg.com,
2200,stichting.info,
2201,meeres.net,
2202,engie.com,
2203,meijer.com,
2204,hendriks.info,
2205,bt.info,
2206,ten.biz,
2207,chevresson.biz,
2208,gerritsen.com,
2209,bekbergen.net,
2210,bavaria.info,
2211,post.com,
2212,overdijk.info,
2213,brand.com,
2214,stichting.org,
2215,burger.org,
2216,rockwool.com,
2217,schokman.org,
2218,boer.org,
2219,st.com,
2220,nieuwstraten.org,
2221,google.com,
2222,salet.com,
2223,hulskes.com,
2224,wunderink.com,
2225,oosterhek.net,
2226,bleijenberg.net,
2227,stichting.biz,
2228,mens.info,
2229,oversteeg.info,
2230,hermes.com,
2231,syngenta.org,
2232,lansink.com,
2233,vanderlande.net,
2234,klein.com,
2235,trespa.com,
2236,jumbo.info,
2237,vermeulen.com,
2238,boogaerts.net,
2239,blewanus.org,
2240,hema.org,
2241,bmw.com,
2242,kropman.com,
2243,roose.info,
2244,reimes.com,
2245,kuipers.com,
2246,exact.com,
2247,kloppert.com,
2248,jaceps.com,
2249,novartis.biz,
2250,hametha.biz,
2251,pathe.info,
2252,hsf.com,
2253,nutreco.com,
2254,pink.com,
2255,adryaens.com,
2256,haack.com,
2257,boer.net,
2258,achmea.com,
2259,claassen.biz,
2260,maaswinkel.info,
2261,kunen.org,
2262,meijer.biz,
2263,jacobs.biz,
2264,chotzen.com,
2265,ret.com,
2266,ewals.com,
2267,hanegraaff.com,
2268,winnrich.com,
2269,momberg.com,
2270,ordina.org,
2271,janse.info,
2272,imc.com,
2273,astellas.com,
2274,asm.net,
2275,broek.net,
2276,holland.com,
2277,brese.biz,
2278,nts.com,
2279,citadel.biz,
2280,hendricks.com,
2281,walter.com,
2282,acomo.info,
2283,hondeveld.info,
2284,cloetta.com,
2285,lensen.com,
2286,galenzone.info,
2287,feltzer.net,
2288,jmw.info,
2289,scuylenborchs.info,
2290,jacquot.org,
2291,bnp.com,
2292,jonkman.biz,
2293,coenen.org,
2294,verkade.com,
2295,meyn.com,
2296,eon.biz,
2297,bam.biz,
2298,ups.com,
2299,conclusion.biz,
2300,coolen.info,
2301,kwaadland.com,
2302,nam.com,
2303,goderts.biz,
2304,matthews.com,
2305,vertoor.com,
2306,amtrada.com,
2307,cargill.com,
2308,rijntjes.com,
2309,dura.net,
2310,kas.biz,
2311,velderman.com,
2312,arent.com,
2313,ac.com,
2314,havensteder.org,
2315,wildschut.com,
2316,lonen.com,
2317,hoekstra.com,
2318,wensen.com,
2319,hekker.com,
2320,das.com,
2321,beourgeois.com,
2322,lambregt.net,
2323,jochems.com,
2324,raben.info,
2325,talpa.com,
2326,feenstra.org,
2327,lamotte.com,
2328,adriaansen.com,
2329,risma.com,
2330,hondeveld.com,
2331,warner.biz,
2332,janse.com,
2333,kronenberg.com,
2334,bruna.info,
2335,baker.org,
2336,bruijne.com,
2337,stook.com,
2338,scardino.net,
2339,mudden.com,
2340,westerbeek.com,
2341,schouten.info,
2342,leene.com,
2343,office.net,
2344,manne.com,
2345,vos.com,
2346,stage.org,
2347,verbruggen.com,
2348,kok.com,
2349,total.biz,
2350,dijkstra.net,
2351,dow.biz,
2352,sdu.com,
2353,wouters.com,
2354,general.net,
2355,karels.com,
2356,unica.biz,
2357,schilt.info,
2358,hellevoort.org,
2359,crucell.com,
2360,west-francie.com,
2361,dsm.info,
2362,escobar.com,
2363,marques.net,
2364,revilla-barrena.es,
2365,bosch.es,
2366,rebollo.es,
2367,costa-cerezo.org,
2368,amat.org,
2369,sales-duran.es,
2370,escamilla.net,
2371,juan-malo.es,
2372,aviles-font.com,
2373,tudela-pineiro.es,
2374,fuertes.com,
2375,terron.net,
2376,vallejo-lobato.es,
2377,taboada.com,
2378,cal-cabezas.es,
2379,julian.com,
2380,benet.net,
2381,salmeron-alberto.es,
2382,campos.es,
2383,aguilo-gabaldon.com,
2384,vall.com,
2385,pelaez.es,
2386,barbero-borja.es,
2387,pedrero-anaya.org,
2388,nogues-amaya.es,
2389,tudela.com,
2390,caparros.es,
2391,melendez.com,
2392,granados-noriega.es,
2393,montoya.es,
2394,escriva.es,
2395,calleja.es,
2396,nunez-diego.com,
2397,lorenzo.es,
2398,urrutia.org,
2399,rodrigo.es,
2400,sanjuan-leal.es,
2401,sacristan-moll.com,
2402,exposito.com,
2403,girona.com,
2404,bou.com,
2405,maza.es,
2406,caparros-toro.com,
2407,carlos.es,
2408,rovira-bayo.es,
2409,vilaplana.es,
2410,ossola.com,
2411,bragadin-curiel.it,
2412,callegaro-peruzzi.it,
2413,romagnoli.com,
2414,ceravolo.com,
2415,benedetti.eu,
2416,tremonti-barcaccia.net,
2417,tarantini.it,
2418,santorio.it,
2419,udinesi.com,
2420,giannelli.eu,
2421,valmarana.eu,
2422,briccialdi.eu,
2423,tamburi.it,
2424,paolini-benigni.net,
2425,sermonti.it,
2426,mascagni.it,
2427,niscoromni.com,
2428,abatantuono-costalonga.eu,
2429,cipolla.com,
2430,lerner-cipolla.com,
2431,fogazzaro.eu,
2432,leoncavallo.it,
2433,pace.it,
2434,venturi-trupiano.net,
2435,fundacja.com,
2436,ppuh.com,
2437,makos-kalwa.com,
2438,gabinety.org,
2439,grupa.pl,
2440,rok-wojtalewicz.com,
2441,wylupek-ksiezyk.com,
2442,michalkiewicz.com,
2443,spoldzielnia.net,
2444,fpuh.org,
2445,gabinety.pl,
2446,fundacja.pl,
2447,bartocha-lobacz.org,
2448,ppuh.org,
2449,zimniak-daniec.pl,
2450,pruchnik-slawik.org,
2451,rompa-rezmer.com,
2452,pastula-gadzina.com,
2453,zaras-maciocha.org,
2454,godzik-glazer.pl,
2455,pabisiak-wiercigroch.org,
2456,rejniak-wyroba.pl,
2457,spoldzielnia.com,
2458,gabinety.com,
2459,fpuh.pl,
2460,grupa.com,
2461,stowarzyszenie.pl,
2462,ppuh.pl,
2463,stowarzyszenie.net,
2464,dudzicz.org,
2465,fpuh.net,
2466,spoldzielnia.org,
2467,grupa.org,
2468,kajstura.org,
2469,widlak-mordal.com,
2470,solek.org,
2471,fundacja.org,
2472,spoldzielnia.pl,
2473,debosz.com,
2474,kaluga-sobilo.org,
2475,plesniak-suchenek.pl,
2476,stowarzyszenie.com,
2477,kujawiak.com,
2478,zoltek.pl,
2479,nazimek.pl,
2480,swies.org,
2481,hermansson.org,
2482,andersson.com,
2483,oberg.se,
2484,lundberg.org,
2485,lindstrom.org,
2486,fransson.com,
2487,holm.se,
2488,jonsson.net,
2489,hansson.com,
2490,molin.se,
2491,pettersson.se,
2492,andersson.org,
2493,fredriksson.com,
2494,nilsson.net,
2495,andersson.net,
2496,eriksson.com,
2497,petersson.se,
2498,nordstrom.se,
2499,jonsson.se,
2500,valtonen.fi,
2501,rantanen.org,
2502,hakala.fi,
2503,liukkonen.fi,
2504,lappalainen.com,
2505,rintala.com,
2506,partanen.com,
2507,voutilainen.fi,
2508,miettinen.com,
2509,savolainen.com,
2510,mannisto.fi,
2511,kiviniemi.com,
2512,saarela.com,
2513,heinonen.fi,
2514,saarinen.com,
2515,makinen.fi,
2516,maatta.com,
2517,tolvanen.org,
2518,koponen.fi,
2519,leppanen.fi,
2520,kauppinen.com,
2521,oksanen.fi,
2522,manninen.org,
2523,salonen.fi,
2524,pitkanen.fi,
2525,salminen.fi,
2526,luoma.fi,
2527,juntunen.org,
2528,kemppainen.com,
2529,kivela.fi,
2530,koskinen.fi,
2531,rissanen.com,
2532,lahti.com,
2533,heiskanen.com,
2534,pirinen.fi,
2535,vuori.org,
2536,nissinen.fi,
2537,pohjola.com,
2538,kemppainen.net,
2539,aho.com,
2540,pajunen.fi,
2541,hytonen.com,
2542,niemi.fi,
2543,nieminen.net,
2544,heinonen.com,
2545,laine.com,
2546,valimaki.fi,
2547,laurila.com,
2548,tikkanen.com,
2549,repo.com,
2550,karkkainen.com,
2551,lehtonen.com,
2552,rajala.com,
2553,lindberg.fi,
2554,lindgren.com,
2555,rauhala.com,
2556,niemi.com,
2557,pakarinen.fi,
2558,lehtonen.fi,
2559,niemela.com,
2560,varis.com,
2561,karvinen.fi,
2562,salminen.com,
2563,tuomi.net,
2564,maki.com,
2565,lammi.org,
2566,kivinen.fi,
2567,rasanen.com,
2568,kortelainen.fi,
2569,keranen.fi,
2570,lehikoinen.org,
2571,huovinen.com,
2572,ikonen.org,
2573,nyberg.fi,
2574,seppala.com,
2575,myllymaki.com,
2576,haavisto.fi,
2577,oinonen.fi,
2578,hyttinen.net,
2579,pasanen.fi,
2580,ojala.org,
2581,kuusisto.fi,
2582,kiuru.com,
2583,vaisanen.com,
2584,makkonen.com,
2585,ronkko.net,
2586,perala.fi,
2587,kolehmainen.com,
2588,erkkila.com,
2589,hanninen.com,
2590,kemppainen.org,
2591,laakkonen.fi,
2592,kokko.com,
2593,riikonen.org,
2594,lappalainen.net,
2595,garner.info,
2596,burgess.com,
2597,carroll.org,
2598,cummings.com,
2599,alexander-mckenzie.net,
2600,harrington.info,
2601,marshall.net,
2602,stone.com,
2603,webb.com,
2604,garrett-crawford.org,
2605,thompson.com,
2606,wood.com,
2607,johnson-moses.org,
2608,stone.info,
2609,pollard.org,
2610,freeman.com,
2611,ramos-curtis.com,
2612,gallegos-middleton.com,
2613,smith-roberts.com,
2614,oconnor.com,
2615,cooke-lewis.com,
2616,barron.net,
2617,hunt.com,
2618,shields.com,
2619,miller.com,
2620,hunter-williams.biz,
2621,jackson-gomez.com,
2622,watkins-ramirez.com,
2623,garcia-lawrence.org,
2624,peters.com,
2625,davis.org,
2626,mercer.info,
2627,robinson.com,
2628,sims.com,
2629,mccormick-ingram.com,
2630,lopez-davis.com,
2631,erickson-brown.net,
2632,higgins.info,
2633,randall.com,
2634,douglas-sanders.com,
2635,estes.com,
2636,dalton.com,
2637,burns-colon.info,
2638,gonzalez.info,
2639,ibarra.info,
2640,frederick.com,
2641,johnson.com,
2642,torres-erickson.com,
2643,carpenter-grimes.com,
2644,moss.com,
2645,lee.biz,
2646,fields.org,
2647,mcdonald-rowe.com,
2648,khan.com,
2649,diaz.biz,
2650,howell.com,
2651,bonilla-beck.com,
2652,wu.com,
2653,glover.com,
2654,burns.com,
2655,adams.com,
2656,kramer.com,
2657,griffin.com,
2658,robbins.net,
2659,gonzales-wilson.com,
2660,benson-harris.info,
2661,wallace.org,
2662,bradley.org,
2663,dudley.com,
2664,higgins-rose.com,
2665,perry.com,
2666,cobb.info,
2667,brown-jones.com,
2668,perez.com,
2669,padilla.com,
2670,jackson-thompson.com,
2671,brooks.biz,
2672,jones-walsh.org,
2673,kim.com,
2674,lewis-ramirez.com,
2675,fernandez-reyes.com,
2676,morgan.net,
2677,harrison-briggs.com,
2678,jennings.com,
2679,weber-medina.info,
2680,davis.com,
2681,anderson.com,
2682,rodriguez.com,
2683,morgan.com,
2684,williams.net,
2685,greer.info,
2686,vasquez-johnston.net,
2687,winters-smith.com,
2688,hughes.com,
2689,henry.biz,
2690,page-miller.com,
2691,hughes-lawson.com,
2692,hudson-sweeney.com,
2693,washington-cole.com,
2694,ortiz-wilson.com,
2695,bryant-powell.com,
2696,lawson.com,
2697,wood-lopez.com,
2698,collins-pearson.com,
2699,eaton-ritter.com,
2700,anderson-davenport.com,
2701,cole.com,
2702,jennings.info,
2703,lyons-carter.com,
2704,wallace-hardy.com,
2705,wilson-dominguez.com,
2706,scott-ross.com,
2707,nichols-wilson.com,
2708,duarte-wood.biz,
2709,garrett.com,
2710,rodriguez-bradley.biz,
2711,skinner-fisher.com,
2712,george.org,
2713,davis-griffith.com,
2714,gutierrez.com,
2715,park.com,
2716,davis-novak.com,
2717,manning.com,
2718,stephens.com,
2719,perkins-everett.com,
2720,ball.info,
2721,conrad.net,
2722,goodman.org,
2723,lopez.info,
2724,smith-braun.com,
2725,frank.biz,
2726,benton.com,
2727,brooks.com,
2728,clark.org,
2729,hopkins-mcneil.com,
2730,barajas-huber.org,
2731,sosa.com,
2732,barnett-johnson.com,
2733,sanchez.net,
2734,coleman.com,
2735,edwards.net,
2736,cole-howard.biz,
2737,fischer.org,
2738,kirk.com,
2739,huff.org,
2740,becker.info,
2741,phillips.info,
2742,schmidt-boyd.info,
2743,martinez.info,
2744,jennings-hall.com,
2745,hickman.com,
2746,hall-gonzales.net,
2747,brown.info,
2748,grant.com,
2749,gonzalez-baker.com,
2750,campbell.com,
2751,camacho.com,
2752,navarro.net,
2753,douglas-christian.net,
2754,goodman.info,
2755,jones.org,
2756,estes.net,
2757,bush.com,
2758,gibson-murray.com,
2759,hanson.com,
2760,richards.com,
2761,bentley-brown.com,
2762,romero.net,
2763,cox.com,
2764,gilbert-shelton.com,
2765,johns-wright.com,
2766,evans.biz,
2767,armstrong.com,
2768,decker.com,
2769,snow.net,
2770,mcmahon.biz,
2771,johnson-clay.org,
2772,wilson.com,
2773,figueroa.com,
2774,higgins.biz,
2775,watkins.com,
2776,dorsey-harper.com,
2777,smith.net,
2778,goodman.com,
2779,petersen.com,
2780,smith-lewis.com,
2781,walker.com,
2782,smith-boone.com,
2783,taylor.com,
2784,jones-miller.com,
2785,moore-jackson.com,
2786,dillon.com,
2787,christensen.com,
2788,hicks.info,
2789,wright.org,
2790,price.com,
2791,johnson.net,
2792,schmidt-sullivan.net,
2793,patterson.com,
2794,carey-brown.com,
2795,rogers.com,
2796,bell.org,
2797,payne-davis.biz,
2798,knight.info,
2799,hanson.net,
2800,garcia-guzman.info,
2801,horne.info,
2802,michael-howard.com,
2803,mcclain.com,
2804,glover.biz,
2805,rogers.biz,
2806,beck-cole.org,
2807,oliver.com,
2808,moore.net,
2809,mclean-hartman.com,
2810,hill.com,
2811,caldwell-crawford.biz,
2812,murphy-morrow.com,
2813,stevens-evans.net,
2814,drake.com,
2815,palmer.biz,
