contact_email,industry
krebs.com,
roemer.de,
soelzer.com,
stolze.com,printing
van.de,
eibl.at,
beier.com,
loos.de,
junk.com,accounting
sager.org,
gerard.fr,
hamann.de,
drewes.net,
girschner.de,machinery
davids.com,retail
bonbach.com,
lindgren.com,
zobel.com,
hornich.org,
weller.com,
faust.de,food & beverages
hahn.com,
fliegner.com,
bauer.com,sporting goods
ruppersberger.com,
heidrich.de,
sager.com,electrical/electronic manufacturing
keudel.com,
troest.org,
wieloch.net,
jockel.net,
stoll.com,machinery
roskoth.com,
reichmann.de,
hamann.org,
jaehn.com,
mans.com,marketing & advertising
atzler.de,
biggen.de,
plath.com,
hentschel.com,
holsten.com,
boucsein.com,
schacht.de,
geisel.com,
karz.net,
reising.com,law practice
kallert.de,
kobelt.de,
dippel.com,
ullmann.net,
loeffler.org,
hiller.com,
ziegert.com,
christoph.com,
troest.com,
klapp.com,
hellwig.de,
roehrdanz.com,
gnatz.de,
ehlert.de,
otto.de,
kruschwitz.net,
losekann.com,
briemer.de,
foerster.com,
tlustek.org,
juettner.net,
tschentscher.org,
koester.com,
heidrich.com,
sauer.de,
knappe.com,
pohl.com,
conradi.com,
hesse.org,
hein.com,
pohl.org,
adolph.org,
holzapfel.de,
